<configuration>
    <appender name="STDOUT" class="ch.qos.logback.core.ConsoleAppender">
        <layout class="ch.qos.logback.classic.PatternLayout">
            <Pattern>%d{HH:mm:ss.SSS} [%thread] %-5level %logger{36} - %msg%n</Pattern>
        </layout>
    </appender>

    <appender name="FILE" class="ch.qos.logback.core.FileAppender">
        <file>log/yourprojectname.log</file>

        <layout class="ch.qos.logback.classic.PatternLayout">
          <Pattern>%date %level [%thread] %logger{10} [%file:%line] %msg%n</Pattern>
        </layout>
      </appender>

    <root level="info">
        <appender-ref ref="STDOUT"/>
        <appender-ref ref="FILE"/>
    </root>
</configuration>