<?xml version="1.0" encoding="UTF-8"?>
<beans xmlns="http://www.springframework.org/schema/beans"
	xmlns:xsi="http://www.w3.org/2001/XMLSchema-instance" xmlns:p="http://www.springframework.org/schema/p"
	xmlns:context="http://www.springframework.org/schema/context"
	xmlns:util="http://www.springframework.org/schema/util" xmlns:aop="http://www.springframework.org/schema/aop"
	xmlns:batch="http://www.springframework.org/schema/batch" xmlns:task="http://www.springframework.org/schema/task"
	xmlns:tx="http://www.springframework.org/schema/tx"
	xsi:schemaLocation="
		http://www.springframework.org/schema/beans http://www.springframework.org/schema/beans/spring-beans.xsd
		http://www.springframework.org/schema/batch http://www.springframework.org/schema/batch/spring-batch-2.1.xsd
		          http://www.springframework.org/schema/context
           http://www.springframework.org/schema/context/spring-context-3.1.xsd
		http://www.springframework.org/schema/util http://www.springframework.org/schema/util/spring-util-2.0.xsd
		http://www.springframework.org/schema/task http://www.springframework.org/schema/task/spring-task-3.0.xsd
		http://www.springframework.org/schema/task http://www.springframework.org/schema/tx/spring-tx-4.1.xsd
		http://www.springframework.org/schema/aop http://www.springframework.org/schema/aop/spring-aop-3.1.xsd">


	<!-- JOB DEFINITIONS -->
	<job id="launchable_GroupMember-GroupEmail_Job" xmlns="http://www.springframework.org/schema/batch">
		<step id="launchable_GroupMember-GroupEmail_step">
			<tasklet transaction-manager="transactionManager">
				<chunk reader="getReaderLaunchable" processor="getProcessorLaunchable"
					writer="getWriterLaunchable" commit-interval="1" />
			</tasklet>
		</step>
	</job>


	<!-- JOB BEANS Generic Read, process and write -->
	<bean id="getReaderLaunchable"
		class="org.springframework.batch.item.database.HibernateCursorItemReader"
		scope="step">
		<property name="sessionFactory" ref="sessionFactory" />
		<property name="queryString" value="#{jobParameters['queryString']}" />
		<property name="fetchSize" value="100"></property>
		<property name="saveState" value="false" />
		<property name="useStatelessSession" value="false"></property>
	</bean>
	<!-- bean id="getReader" class="com.yourpackagename.yourwebproject.scheduler.readers.GenericItemReader" 
		scope="step" /> -->
	<bean id="getProcessorLaunchable"
		class="com.yourpackagename.yourwebproject.scheduler.processors.GenericItemProcessor"
		scope="step">
	</bean>
	<bean id="getWriterLaunchable"
		class="com.yourpackagename.yourwebproject.scheduler.writers.GenericItemWriter"
		scope="step" />


	<job id="launchable_GroupMemberList-GroupEmail_Job" xmlns="http://www.springframework.org/schema/batch">
		<step id="launchable_GroupMemberList-GroupEmail_step">
			<tasklet transaction-manager="transactionManager">
				<chunk reader="getReaderLaunchableGroupMemberList" processor="getProcessorLaunchableGroupMemberList"
					writer="getWriterLaunchable" commit-interval="1" />
			</tasklet>
		</step>
	</job>

	<!-- bean id="getReaderLaunchableGroupMemberList" class="com.yourpackagename.yourwebproject.scheduler.readers.GenericListReader" 
		scope="step" /> -->
	<bean id="getReaderLaunchableGroupMemberList"
		class="com.yourpackagename.yourwebproject.scheduler.readers.GenericListReader" scope="step"/>
	<bean id="groupMembersService"
		class="com.yourpackagename.yourwebproject.service.impl.GroupMembersServiceImpl" />
	<bean id="getProcessorLaunchableGroupMemberList"
		class="com.yourpackagename.yourwebproject.scheduler.processors.GenericListProcessor"
		scope="step">
	</bean>



	<bean class="org.springframework.batch.core.scope.StepScope" />

	<bean id="stepSummaryListener"
		class="com.yourpackagename.yourwebproject.scheduler.listeners.StepSummaryListener" />
	<bean id="jobSummaryListener"
		class="com.yourpackagename.yourwebproject.scheduler.listeners.JobSummaryListener" />	
		
	<context:component-scan
		base-package="com.yourpackagename.yourwebproject.model.repository.impl" />
	<context:component-scan
		base-package="com.yourpackagename.yourwebproject.service.impl" />
</beans>
