<beans xmlns="http://www.springframework.org/schema/beans"
       xmlns:xsi="http://www.w3.org/2001/XMLSchema-instance"
       xmlns:context="http://www.springframework.org/schema/context"
       xmlns:tx="http://www.springframework.org/schema/tx"
       xmlns:mvc="http://www.springframework.org/schema/mvc"

       xsi:schemaLocation="http://www.springframework.org/schema/beans
           http://www.springframework.org/schema/beans/spring-beans-3.1.xsd
           http://www.springframework.org/schema/context
           http://www.springframework.org/schema/context/spring-context-3.1.xsd
           http://www.springframework.org/schema/tx
           http://www.springframework.org/schema/tx/spring-tx-3.1.xsd
		   http://www.springframework.org/schema/mvc
		   http://www.springframework.org/schema/mvc/spring-mvc-3.1.xsd">

    <!-- import resource="applicationContext-scheduler.xml"/>  -->
    <import resource="applicationContext-service.xml"/>

    <!-- Request xml, json and form marshalling / unmarshalling config -->
    <bean class="org.springframework.web.servlet.mvc.annotation.DefaultAnnotationHandlerMapping"/>

    <bean id="xStreamMarshaller" class="org.springframework.oxm.xstream.XStreamMarshaller">
        <property name="encoding" value="UTF-8"/>
        <property name="autodetectAnnotations" value="true"/>
        <property name="annotatedClasses">
            <list>
                <value>com.mrd.yourwebproject.model.entity.request.UserRO</value>
            </list>
        </property>
    </bean>

    <bean id="jsonMarshaller" class="org.codehaus.jackson.map.ObjectMapper"/>

    <bean id="requestMappingAdapter"
          class="org.springframework.web.servlet.mvc.method.annotation.RequestMappingHandlerAdapter">
        <property name="messageConverters">
            <list>
                <bean class="org.springframework.http.converter.xml.MarshallingHttpMessageConverter">
                    <property name="marshaller" ref="xStreamMarshaller"/>
                    <property name="unmarshaller" ref="xStreamMarshaller"/>
                </bean>
                <bean class="org.springframework.http.converter.json.MappingJacksonHttpMessageConverter">
                    <property name="objectMapper" ref="jsonMarshaller"/>
                </bean>
            </list>
        </property>
    </bean>

    <!-- Configuring the API response views -->
    <bean class="org.springframework.web.servlet.view.ContentNegotiatingViewResolver">
        <property name="order" value="1"/>
        <property name="mediaTypes">
            <map>
                <entry key="xml" value="application/xml"/>
                <entry key="json" value="application/json"/>
            </map>
        </property>
        <property name="defaultViews">
            <list>
                <!-- Json View -->
                <bean class="org.springframework.web.servlet.view.json.MappingJacksonJsonView">
                    <property name="modelKey" value="response"/>
                </bean>

                <!-- XStream XML View -->
                <bean class="org.springframework.web.servlet.view.xml.MarshallingView">
                    <property name="modelKey" value="response"/>
                    <constructor-arg>
                        <bean id="jaxb2Marshaller" class="org.springframework.oxm.xstream.XStreamMarshaller">
                            <property name="autodetectAnnotations" value="true"/>
                        </bean>
                    </constructor-arg>
                </bean>
            </list>
        </property>
        <property name="defaultContentType" value="application/xml"/>
        <property name="favorPathExtension" value="true"/>
    </bean>

    <!-- Add controller package to be scanned for this path -->
    <context:component-scan base-package="com.mrd.yourwebproject.api.controller"/>

    <mvc:annotation-driven/>
    <tx:annotation-driven/>
</beans>


        <!-- JaxB2 XML View
                        <bean class="org.springframework.web.servlet.view.xml.MarshallingView">
                            <property name="modelKey" value="response"/>
                            <constructor-arg>
                                <bean id="jaxb2Marshaller" class="org.springframework.oxm.jaxb.Jaxb2Marshaller">
                                    <property name="classesToBeBound">
                                        <list>
                                            <value>com.yourpackagenameme.framework.response.Response</value>
                                            <value>com.yourpackagenameme.framework.response.Meta</value>
                                            <value>com.yourpackagenameme.yourwebproject.model.entity.User</value>
                                            <value>com.yourpackagenameme.yourwebproject.model.entity.Merchant</value>
                                            <value>com.yourpackagenameme.yourwebproject.model.entity.Shipment</value>
                                            <value>com.yourpackagenameme.yourwebproject.model.entity.ShipmentLocation</value>
                                        </list>
                                    </property>
                                </bean>
                            </constructor-arg>
                        </bean>  -->