<?xml version="1.0" encoding="UTF-8"?>
<beans xmlns="http://www.springframework.org/schema/beans"
       xmlns:xsi="http://www.w3.org/2001/XMLSchema-instance"
       xmlns:util="http://www.springframework.org/schema/util"
       xsi:schemaLocation="http://www.springframework.org/schema/beans
           http://www.springframework.org/schema/beans/spring-beans-3.1.xsd
           http://www.springframework.org/schema/util
           http://www.springframework.org/schema/util/spring-util-3.1.xsd">

	<bean
		class="org.springframework.beans.factory.config.PropertyPlaceholderConfigurer">
		<property name="locations">
		<list>
			<value>classpath:config/props/database.properties</value>
			<value>classpath:config/props/mongodb.properties</value>
			<value>classpath:config/props/log4j.properties</value>
			<value>classpath:config/props/http.error.messages.properties</value>
			<value>classpath:config/props/api.messages.properties</value>
			<value>classpath:config/props/messages.properties</value>
			<value>classpath:config/props/mail.properties</value>
			</list>
		</property>
	</bean>
	

    <!--  util:properties id="mdbProps" location="classpath:/mongodb.properties" />
    <util:properties id="dbProps"  location="classpath:/database.properties" />
    <util:properties id="logProps" location="classpath:/log4j.properties" />
    <util:properties id="amProps" location="classpath:/api.messages.properties" />
    <util:properties id="heProps" location="classpath:/http.error.messages.properties" />
    <util:properties id="fProps"
                     location="classpath:/yourwebproject.properties" />
    <util:properties id="msgProps" location="classpath:/messages.properties" />
    <util:properties id="mailProps" location="classpath:/mail.properties" /> -->

    <bean id="httpError" class="com.yourpackagename.yourwebproject.api.common.HttpError" />
    <bean id="key" class="com.yourpackagename.yourwebproject.common.Key" />
    <bean id="props" class="com.yourpackagename.yourwebproject.common.Props" />
    <bean id="msg" class="com.yourpackagename.yourwebproject.common.Message" />
</beans>
